apply.holbertonschool.com,13.36.159.193,alienvault,
holbertonschool.com,75.2.70.75,crtsh,
fr.holbertonschool.com,15.161.34.42,alienvault,
staging-apply.holbertonschool.com,13.37.67.17,alienvault,
fr.webflow.holbertonschool.com,104.17.201.193,alienvault,
en.fr.holbertonschool.com,104.17.201.193,crtsh,
blog.holbertonschool.com,192.0.78.230,alienvault,
v3.holbertonschool.com,54.89.246.137,alienvault,
lvl2-discourse-staging.holbertonschool.com,13.38.216.13,hackertarget,
support.holbertonschool.com,216.198.53.6,alienvault,
staging-rails-assets-apply.holbertonschool.com,18.66.195.97,alienvault,
rails-assets.holbertonschool.com,18.66.102.67,alienvault,
read.holbertonschool.com,13.39.186.230,alienvault,
v2.holbertonschool.com,34.203.198.145,alienvault,
www.holbertonschool.com,51.21.126.187,alienvault,
v1.holbertonschool.com,54.86.136.129,alienvault,
help.holbertonschool.com,99.83.190.102,crtsh,
webflow.holbertonschool.com,3.248.56.152,alienvault,
staging-apply-forum.holbertonschool.com,13.38.122.220,alienvault,
smile2021.holbertonschool.com,15.161.34.42,alienvault,
assets.holbertonschool.com,18.245.60.21,alienvault,
yriry2.holbertonschool.com,52.47.143.83,alienvault,
v2.holbertonschool.com,34.203.198.145,hackertarget,
support.holbertonschool.com,216.198.53.6,alienvault,
en.fr.holbertonschool.com,104.17.201.193,crtsh,
smile2021.holbertonschool.com,16.16.119.222,alienvault,
help.holbertonschool.com,99.83.190.102,crtsh,
webflow.holbertonschool.com,15.161.34.42,alienvault,
www.holbertonschool.com,35.152.117.67,alienvault,
read.holbertonschool.com,35.180.6.147,alienvault,
staging-apply.holbertonschool.com,13.37.67.17,alienvault,
v3.holbertonschool.com,54.89.246.137,alienvault,
fr.webflow.holbertonschool.com,104.17.201.193,alienvault,
v1.holbertonschool.com,54.86.136.129,hackertarget,
lvl2-discourse-staging.holbertonschool.com,13.38.216.13,hackertarget,
assets.holbertonschool.com,18.245.60.45,alienvault,
staging-rails-assets-apply.holbertonschool.com,3.164.68.4,alienvault,
holbertonschool.com,75.2.70.75,crtsh,
blog.holbertonschool.com,192.0.78.131,hackertarget,
staging-apply-forum.holbertonschool.com,13.38.122.220,hackertarget,
fr.holbertonschool.com,35.152.117.67,alienvault,
apply.holbertonschool.com,13.36.62.51,alienvault,
rails-assets.holbertonschool.com,18.66.102.67,alienvault,
yriry2.holbertonschool.com,52.47.143.83,hackertarget,
